SPECIES,id_level,nei_levels,excluded
LAU,Species,NA,included
LAR,Species,NA,included
LAS,Nei,family,included
MYG,Species,NA,included
MWC,Species,NA,included
MYX,Nei,family,included
SBL,Species,NA,included
HXT,Species,NA,included
NTC,Species,NA,included
BSK,Species,NA,included
CCT,Species,NA,included
PSK,Species,NA,included
ALV,Species,NA,included
PTH,Species,NA,included
BTH,Species,NA,included
THR,Nei,genus,included
SMA,Species,NA,included
LMA,Species,NA,included
MAK,Nei,genus,included
POR,Species,NA,included
WSH,Species,NA,included
MSK,Nei,family,included
GNC,Species,NA,included
SHO,Species,NA,included
GAM,Species,NA,included
SYC,Species,NA,included
SYT,Species,NA,included
SCL,Nei,genus,included
HAN,Species,NA,included
CPS,Species,NA,included
SYX,Nei,family,included
BSH,Species,NA,included
CCP,Species,NA,included
CCL,Species,NA,included
CCN,Species,NA,included
OCS,Species,NA,included
CCR,Species,NA,included
CCD,Species,NA,included
DUS,Species,NA,included
FAL,Species,NA,included
CCE,Species,NA,included
BRO,Species,NA,included
CCB,Species,NA,included
CCS,Species,NA,included
CCO,Species,NA,included
CCQ,Species,NA,included
TIG,Species,NA,included
NGB,Species,NA,included
RHT,Species,NA,included
RHA,Species,NA,included
RHL,Species,NA,included
RHR,Species,NA,included
RSK,Nei,family,included
SPZ,Species,NA,included
SPL,Species,NA,included
SPJ,Species,NA,included
SPK,Species,NA,included
SPY,Nei,family,included
CTU,Species,NA,included
CTI,Species,NA,included
CTK,Species,NA,included
MTL,Species,NA,included
SDP,Species,NA,included
SMD,Species,NA,included
SDS,Species,NA,included
SDV,Nei,genus,included
GAG,Species,NA,included
LES,Species,NA,included
TTE,Species,NA,included
THJ,Species,NA,included
HEI,Species,NA,included
CLL,Species,NA,included
CPG,Species,NA,included
GSK,Species,NA,included
SOR,Species,NA,included
SON,Species,NA,included
QUB,Species,NA,included
DGS,Species,NA,included
GUP,Species,NA,included
GUQ,Species,NA,included
CPL,Species,NA,included
ETX,Species,NA,included
ETR,Species,NA,included
SHL,Nei,genus,included
DCA,Species,NA,included
SDU,Species,NA,included
CYO,Species,NA,included
CYP,Species,NA,included
CYW,Species,NA,included
CYU,Species,NA,included
SYR,Species,NA,included
SCK,Species,NA,included
CFB,Species,NA,included
DGX,Nei,family,included
DGH,Nei,family,included
PWS,Nei,genus,included
AGN,Species,NA,included
SUG,Species,NA,included
SUC,Species,NA,included
ASK,Nei,family,included
OXY,Species,NA,included
OXN,Species,NA,included
SHB,Species,NA,included
RCA,Species,NA,included
RCD,Species,NA,included
RBC,Species,NA,included
GUD,Species,NA,included
GUF,Species,NA,included
RBX,Species,NA,included
GTF,Nei,family,included
SAW,Nei,family,included
RJB,Species,NA,included
RJC,Species,NA,included
RJR,Species,NA,included
RJM,Species,NA,included
RJH,Species,NA,included
RJI,Species,NA,included
RJF,Species,NA,included
RJE,Species,NA,included
RJN,Species,NA,included
RJO,Species,NA,included
RJU,Species,NA,included
RFA,Species,NA,included
RJA,Species,NA,included
RJY,Species,NA,included
SRR,Species,NA,included
JRS,Species,NA,included
JRI,Species,NA,included
JRT,Species,NA,included
JRY,Species,NA,included
RJD,Species,NA,included
RJG,Species,NA,included
RJK,Species,NA,included
JFY,Species,NA,included
JAI,Species,NA,included
JAD,Species,NA,included
BEA,Species,NA,included
BAM,Species,NA,included
BMU,Species,NA,included
BYR,Species,NA,included
BYE,Species,NA,included
BZB,Species,NA,included
BZM,Species,NA,included
BHY,Nei,genus,included
DPQ,Species,NA,included
ZRN,Species,NA,included
DPV,Species,NA,included
RRW,Species,NA,included
YBQ,Species,NA,included
YAW,Species,NA,included
RAJ,Nei,family,included
WST,Species,NA,included
RDA,Species,NA,included
RDC,Species,NA,included
PLS,Species,NA,included
RDL,Species,NA,included
JDP,Species,NA,included
STI,Nei,genus,included
DHG,Species,NA,included
STT,Nei,family,included
QEX,Nei,genus,included
MAE,Species,NA,included
MYL,Species,NA,included
MRB,Species,NA,included
MRM,Species,NA,included
EAG,Nei,family,included
RMB,Species,NA,included
RMM,Species,NA,included
MAN,Nei,family,included
RGL,Species,NA,included
RGM,Species,NA,included
RGI,Species,NA,included
SRX,Nei,order,included
TOE,Nei,genus,included
CMO,Species,NA,included
CMH,Species,NA,included
RAT,Species,NA,included
CYV,Species,NA,included
HYD,Nei,genus,included
RCT,Species,NA,included
CHB,Species,NA,included
CHJ,Species,NA,included
CHM,Species,NA,included
CAH,Nei,family,included
HOL,Nei,order,included
PPB,Species,NA,included
FLU,Nei,genus,included
APG,Species,NA,included
AAA,Species,NA,included
APR,Species,NA,included
APE,Species,NA,included
AAN,Species,NA,included
APN,Species,NA,included
APB,Species,NA,included
AAM,Species,NA,included
HUH,Species,NA,included
STU,Nei,family,included
PAM,Species,NA,included
AAC,Species,NA,included
JTP,Species,NA,included
LKX,Nei,genus,included
LXS,Nei,family,included
HER,Species,NA,included
HEP,Species,NA,included
AGS,Species,NA,included
CUI,Species,NA,included
SHC,Species,NA,included
SHA,Species,NA,included
ASD,Species,NA,included
TSD,Species,NA,included
ALE,Species,NA,included
BBH,Species,NA,included
SHH,Species,NA,included
SHZ,Nei,genus,included
SAG,Species,NA,included
IOS,Species,NA,included
SAA,Species,NA,included
SAE,Species,NA,included
JSS,Species,NA,included
SAM,Species,NA,included
BSR,Species,NA,included
SIX,Nei,genus,included
JAP,Species,NA,included
CPI,Species,NA,included
CHP,Species,NA,included
PIA,Species,NA,included
SRP,Species,NA,included
ASP,Nei,genus,included
SIA,Species,NA,included
SHG,Species,NA,included
CDA,Species,NA,included
DQX,Nei,genus,included
CHG,Species,NA,included
MHS,Species,NA,included
MHP,Species,NA,included
MHA,Species,NA,included
MHG,Species,NA,included
RAS,Species,NA,included
RAL,Species,NA,included
BOA,Species,NA,included
RRH,Species,NA,included
WRR,Species,NA,included
HCT,Species,NA,included
SAS,Nei,genus,included
HIX,Species,NA,included
HIL,Species,NA,included
TOL,Species,NA,included
CNS,Species,NA,included
THP,Species,NA,included
THA,Species,NA,included
SRH,Species,NA,included
DAS,Species,NA,included
CLA,Species,NA,included
DOD,Species,NA,included
LCS,Species,NA,included
PIL,Species,NA,included
SPR,Species,NA,included
FAS,Species,NA,included
MES,Species,NA,included
HES,Species,NA,included
LTM,Species,NA,included
CKI,Species,NA,included
CLP,Nei,family,included
DAG,Nei,genus,included
ANE,Species,NA,included
JAN,Species,NA,included
ANA,Species,NA,included
NPA,Species,NA,included
VET,Species,NA,included
ANC,Species,NA,included
STL,Species,NA,included
AVA,Species,NA,included
VEP,Species,NA,included
EAM,Species,NA,included
EAN,Species,NA,included
ENP,Species,NA,included
ANR,Species,NA,included
STO,Nei,genus,included
ANX,Nei,family,included
DOB,Species,NA,included
CNU,Species,NA,included
DOS,Nei,genus,included
EIL,Species,NA,included
ILI,Species,NA,included
PEQ,Species,NA,included
PEO,Species,NA,included
DCX,Nei,order,included
CLU,Nei,order,included
MIL,Species,NA,included
SAL,Species,NA,included
TRS,Species,NA,included
SFI,Species,NA,included
TRO,Nei,genus,included
ONA,Species,NA,included
PIN,Species,NA,included
CHU,Species,NA,included
CHE,Species,NA,included
SOC,Species,NA,included
CHI,Species,NA,included
COH,Species,NA,included
TRR,Species,NA,included
ORC,Nei,genus,included
SVF,Species,NA,included
ACH,Species,NA,included
LAT,Species,NA,included
CHR,Nei,genus,included
HUC,Species,NA,included
SLZ,Nei,family,included
TLV,Species,NA,included
PCA,Species,NA,included
CAP,Species,NA,included
SME,Species,NA,included
SMR,Species,NA,included
PSM,Species,NA,included
SUS,Species,NA,included
HVJ,Species,NA,included
EUL,Species,NA,included
SMX,Nei,genus,included
ARU,Species,NA,included
ARY,Species,NA,included
ARG,Nei,genus,included
DES,Species,NA,included
PRS,Species,NA,included
SZM,Species,NA,included
FVE,Species,NA,included
PLN,Species,NA,included
HOU,Species,NA,included
WHL,Species,NA,included
CIS,Species,NA,included
CIJ,Species,NA,included
WHF,Nei,genus,included
PCY,Species,NA,included
ALC,Species,NA,included
ALH,Nei,genus,included
SLX,Nei,order,included
FPI,Species,NA,included
MAV,Species,NA,included
BRT,Species,NA,included
ARP,Species,NA,included
OOB,Species,NA,included
OHB,Species,NA,included
HTN,Species,NA,included
NCC,Species,NA,included
NCG,Species,NA,included
ONN,Species,NA,included
FKN,Nei,genus,included
ONP,Species,NA,included
OEY,Nei,family,included
OGN,Species,NA,included
CEW,Species,NA,included
LAD,Species,NA,included
CEC,Species,NA,included
TAR,Species,NA,included
TAI,Species,NA,included
BOF,Species,NA,included
BNF,Species,NA,included
ALX,Species,NA,included
MNL,Species,NA,included
NOE,Nei,genus,included
CVW,Species,NA,included
GRE,Nei,family,included
BUC,Species,NA,included
SDR,Species,NA,included
LIG,Species,NA,included
LIB,Species,NA,included
LIX,Nei,family,included
LAN,Species,NA,included
LAC,Species,NA,included
BHQ,Species,NA,included
ELC,Species,NA,included
GYN,Species,NA,included
LXX,Nei,family,included
AXF,Species,NA,included
BZH,Species,NA,included
BNC,Species,NA,included
BXN,Species,NA,included
BNV,Species,NA,included
BNO,Species,NA,included
BVD,Species,NA,included
BCM,Species,NA,included
BXH,Nei,genus,included
MLD,Species,NA,included
SXU,Species,NA,included
PYE,Species,NA,included
RRX,Nei,genus,included
CSM,Species,NA,included
CSD,Species,NA,included
CSO,Species,NA,included
TPU,Species,NA,included
CHA,Nei,family,included
TXY,Species,NA,included
TXZ,Species,NA,included
LPU,Species,NA,included
OIA,Species,NA,included
LPB,Species,NA,included
LXZ,Nei,genus,included
SZF,Species,NA,included
CIV,Nei,genus,included
HOA,Species,NA,included
HWM,Species,NA,included
HWU,Species,NA,included
HVW,Nei,genus,included
HPU,Species,NA,included
HED,Species,NA,included
PLL,Species,NA,included
PLR,Species,NA,included
QPN,Species,NA,included
QMR,Species,NA,included
PRL,Nei,genus,included
ICH,Species,NA,included
PNL,Species,NA,included
PDB,Species,NA,included
SKI,Species,NA,included
CUU,Species,NA,included
AEB,Species,NA,included
XAE,Nei,genus,included
BCE,Species,NA,included
BZC,Species,NA,included
HCF,Species,NA,included
HWV,Species,NA,included
XES,Species,NA,included
DSE,Nei,genus,included
BUF,Nei,genus,included
CDO,Species,NA,included
CTM,Nei,family,included
FBM,Species,NA,included
FBR,Nei,genus,included
FCP,Species,NA,included
FTE,Species,NA,included
ALR,Species,NA,included
PTB,Species,NA,included
BUD,Species,NA,included
BBU,Species,NA,included
BBK,Species,NA,included
BBZ,Species,NA,included
HON,Species,NA,included
FCC,Species,NA,included
CGO,Species,NA,included
WDX,Nei,genus,included
FRO,Species,NA,included
RFR,Species,NA,included
RWC,Species,NA,included
FRX,Nei,genus,included
SRE,Species,NA,included
FID,Species,NA,included
LUC,Species,NA,included
FIE,Species,NA,included
LUH,Species,NA,included
LEW,Nei,genus,included
LCB,Species,NA,included
LBM,Species,NA,included
LRH,Species,NA,included
LOC,Species,NA,included
RHI,Nei,genus,included
MUC,Species,NA,included
CMG,Species,NA,included
RNM,Species,NA,included
CTT,Species,NA,included
FCG,Species,NA,included
YCA,Species,NA,included
YCQ,Species,NA,included
HML,Species,NA,included
SVC,Species,NA,included
BIC,Species,NA,included
LZF,Species,NA,included
FCN,Species,NA,included
PRJ,Species,NA,included
RSZ,Species,NA,included
TWY,Species,NA,included
TOB,Species,NA,included
TZD,Species,NA,included
ROG,Species,NA,included
ENA,Species,NA,included
AHT,Species,NA,included
ZAP,Species,NA,included
VIV,Species,NA,included
FSC,Species,NA,included
ASU,Species,NA,included
NUC,Species,NA,included
AWT,Species,NA,included
BBR,Species,NA,included
FCH,Species,NA,included
BKC,Species,NA,included
OEC,Species,NA,included
WUB,Species,NA,included
PUI,Species,NA,included
FAB,Nei,genus,included
ENL,Species,NA,included
YHX,Nei,genus,included
MCO,Species,NA,included
MZP,Species,NA,included
ARH,Species,NA,included
OBL,Species,NA,included
WPU,Species,NA,included
SZU,Species,NA,included
QEZ,Nei,genus,included
PUS,Species,NA,included
ABK,Species,NA,included
PTG,Species,NA,included
BFS,Species,NA,included
VBE,Species,NA,included
FCY,Nei,family,included
KUR,Species,NA,included
MWT,Species,NA,included
BMW,Species,NA,included
TWS,Species,NA,included
AXP,Species,NA,included
AWX,Nei,genus,included
BEM,Species,NA,included
GAT,Species,NA,included
AUX,Species,NA,included
CAX,Nei,family,included
DPZ,Species,NA,included
PYS,Species,NA,included
DPG,Species,NA,included
GJZ,Species,NA,included
CAE,Nei,genus,included
SOM,Species,NA,included
SRO,Species,NA,included
CAG,Nei,genus,included
OKB,Species,NA,included
WAA,Species,NA,included
WAX,Nei,genus,included
AUO,Species,NA,included
AUB,Species,NA,included
MYN,Species,NA,included
JBZ,Species,NA,included
LLZ,Species,NA,included
BMZ,Species,NA,included
CSR,Species,NA,included
BCR,Species,NA,included
IQL,Species,NA,included
IQM,Species,NA,included
IQN,Species,NA,included
CST,Nei,genus,included
BGJ,Species,NA,included
CAN,Nei,genus,included
YCH,Species,NA,included
ITP,Species,NA,included
ITF,Species,NA,included
CAF,Nei,genus,included
ITM,Species,NA,included
ITE,Species,NA,included
IPO,Species,NA,included
ILP,Species,NA,included
CBT,Species,NA,included
CFS,Species,NA,included
CLZ,Species,NA,included
CLN,Species,NA,included
CTO,Nei,genus,included
CGM,Species,NA,included
HEB,Species,NA,included
HEL,Species,NA,included
MPC,Species,NA,included
BPF,Species,NA,included
BPT,Species,NA,included
BXP,Species,NA,included
HYM,Species,NA,included
HBY,Species,NA,included
LSX,Species,NA,included
RMQ,Species,NA,included
PMB,Species,NA,included
MDM,Species,NA,included
MXW,Nei,genus,included
SBM,Species,NA,included
PEH,Species,NA,included
MDI,Species,NA,included
UDC,Species,NA,included
UDF,Species,NA,included
UDT,Species,NA,included
UPY,Nei,genus,included
ZUZ,Species,NA,included
LPI,Species,NA,included
HPN,Species,NA,included
HBU,Nei,genus,included
HTM,Species,NA,included
HSR,Species,NA,included
LCC,Species,NA,included
QYP,Species,NA,included
HSL,Species,NA,included
PGP,Species,NA,included
PQZ,Species,NA,included
PGZ,Nei,genus,included
PGS,Species,NA,included
HTF,Species,NA,included
CSY,Nei,genus,included
FSI,Nei,order,included
ELE,Species,NA,included
ELJ,Species,NA,included
ELA,Species,NA,included
ELU,Species,NA,included
AAR,Species,NA,included
ELX,Nei,genus,included
AGK,Species,NA,included
MMH,Species,NA,included
MUI,Nei,family,included
DPC,Species,NA,included
PCX,Nei,genus,included
CXP,Species,NA,included
COE,Species,NA,included
COS,Species,NA,included
COA,Species,NA,included
ELS,Species,NA,included
COX,Nei,family,included
AOM,Species,NA,included
OWX,Nei,family,included
SDC,Species,NA,included
GAR,Species,NA,included
BAF,Species,NA,included
NFA,Species,NA,included
BTS,Species,NA,included
NED,Nei,genus,included
BEN,Nei,family,included
SAU,Species,NA,included
SAP,Species,NA,included
HAJ,Species,NA,included
BAL,Species,NA,included
BHA,Species,NA,included
JKX,Nei,family,included
JFL,Species,NA,included
FLY,Nei,family,included
MOY,Species,NA,included
MRL,Nei,genus,included
MHJ,Species,NA,included
LMG,Species,NA,included
RIB,Species,NA,included
NEC,Species,NA,included
TPG,Species,NA,included
ANT,Species,NA,included
SAO,Species,NA,included
MOR,Nei,family,included
UNC,Species,NA,included
USK,Species,NA,included
COD,Species,NA,included
PCO,Species,NA,included
GRC,Species,NA,included
FBU,Species,NA,included
LIN,Species,NA,included
BLI,Species,NA,included
SLI,Species,NA,included
LNZ,Nei,genus,included
GFB,Species,NA,included
FOR,Species,NA,included
GPE,Species,NA,included
FOX,Nei,genus,included
HKU,Species,NA,included
HKR,Species,NA,included
HKW,Species,NA,included
HAD,Species,NA,included
COW,Species,NA,included
SAF,Species,NA,included
MGX,Species,NA,included
TOM,Species,NA,included
POK,Species,NA,included
POL,Species,NA,included
ALK,Species,NA,included
POC,Species,NA,included
GDG,Species,NA,included
GDE,Species,NA,included
ROL,Nei,genus,included
NOP,Species,NA,included
POD,Species,NA,included
BIB,Species,NA,included
WHB,Species,NA,included
POS,Species,NA,included
WHG,Species,NA,included
ENC,Species,NA,included
HKE,Species,NA,included
HKM,Species,NA,included
HKN,Species,NA,included
HKS,Species,NA,included
PHA,Species,NA,included
HKP,Species,NA,included
NHA,Species,NA,included
HKB,Species,NA,included
HKO,Species,NA,included
HOF,Species,NA,included
MRG,Species,NA,included
HKK,Species,NA,included
HKX,Nei,genus,included
HKC,Nei,mixed species,included
GRM,Species,NA,included
GRN,Species,NA,included
RHG,Species,NA,included
WGR,Species,NA,included
MCC,Species,NA,included
MCH,Species,NA,included
QMC,Species,NA,included
GRV,Nei,genus,included
RNG,Species,NA,included
MCS,Species,NA,included
CVY,Nei,genus,included
CQO,Species,NA,included
TSU,Species,NA,included
MNI,Species,NA,included
NZA,Species,NA,included
LDE,Species,NA,included
RTX,Nei,family,included
GAD,Nei,order,included
GTA,Species,NA,included
KLA,Species,NA,included
FUC,Species,NA,included
FUT,Species,NA,included
FIO,Species,NA,included
SNS,Species,NA,included
NLD,Species,NA,included
CUQ,Species,NA,included
LAG,Species,NA,included
LAI,Species,NA,included
TRQ,Species,NA,included
TPA,Species,NA,included
TRP,Nei,genus,included
REL,Species,NA,included
CUS,Species,NA,included
CUC,Species,NA,included
CUB,Species,NA,included
KCP,Species,NA,included
CEX,Nei,genus,included
BRD,Species,NA,included
OPH,Nei,family,included
BBF,Species,NA,included
PXV,Species,NA,included
BXD,Species,NA,included
BYS,Species,NA,included
ALF,Nei,genus,included
CXF,Species,NA,included
HPR,Species,NA,included
ORY,Species,NA,included
TPT,Species,NA,included
TRC,Nei,family,included
HOO,Species,NA,included
HVS,Species,NA,included
HWH,Species,NA,included
HCZ,Nei,family,included
JOD,Species,NA,included
ZCP,Species,NA,included
JOS,Species,NA,included
ZNE,Species,NA,included
ZCA,Species,NA,included
ZCN,Species,NA,included
ZCT,Species,NA,included
ZEX,Nei,family,included
BOC,Species,NA,included
BOR,Nei,family,included
ONV,Species,NA,included
SSO,Species,NA,included
BOE,Species,NA,included
ALL,Species,NA,included
ORD,Nei,family,included
ODR,Species,NA,included
BCB,Species,NA,included
OWM,Species,NA,included
ATB,Species,NA,included
AHH,Species,NA,included
KRW,Nei,genus,included
SSA,Species,NA,included
SIL,Nei,family,included
MUF,Species,NA,included
MUB,Species,NA,included
MGU,Species,NA,included
MGI,Species,NA,included
MYZ,Species,NA,included
MLR,Species,NA,included
AJW,Species,NA,included
MUA,Species,NA,included
MGC,Species,NA,included
MGA,Species,NA,included
LZS,Species,NA,included
LZV,Species,NA,included
LZK,Species,NA,included
LZH,Species,NA,included
SOY,Species,NA,included
VMH,Species,NA,included
MUL,Nei,family,included
FLT,Species,NA,included
SXR,Species,NA,included
MWY,Species,NA,included
JCB,Species,NA,included
CJX,Nei,family,included
EPN,Species,NA,included
SNO,Species,NA,included
ROB,Nei,genus,included
GIP,Species,NA,included
LTG,Species,NA,included
LSM,Species,NA,included
LSL,Species,NA,included
NIP,Species,NA,included
IRQ,Species,NA,included
PEX,Nei,genus,included
PWG,Species,NA,included
EHG,Species,NA,included
RNL,Species,NA,included
MAB,Species,NA,included
MKM,Species,NA,included
MKH,Species,NA,included
MKU,Species,NA,included
MKV,Species,NA,included
GBS,Species,NA,included
MKN,Species,NA,included
GPB,Nei,genus,included
GPD,Species,NA,included
GPW,Species,NA,included
EPA,Species,NA,included
EEN,Species,NA,included
EER,Species,NA,included
EIF,Species,NA,included
EPT,Species,NA,included
GPN,Species,NA,included
EFD,Species,NA,included
GPS,Species,NA,included
EED,Species,NA,included
EEL,Species,NA,included
EEU,Species,NA,included
GPR,Species,NA,included
EEY,Species,NA,included
EFV,Species,NA,included
EFJ,Species,NA,included
EEG,Species,NA,included
EEP,Species,NA,included
ELG,Species,NA,included
EPR,Species,NA,included
MAR,Species,NA,included
EFK,Species,NA,included
EFH,Species,NA,included
ENI,Species,NA,included
EEK,Species,NA,included
EWC,Species,NA,included
EWF,Species,NA,included
EWU,Species,NA,included
EWL,Species,NA,included
EWY,Species,NA,included
EWS,Species,NA,included
GPX,Nei,genus,included
CBR,Species,NA,included
SRK,Species,NA,included
WSA,Species,NA,included
BAS,Nei,genus,included
LDP,Species,NA,included
BSB,Species,NA,included
FHC,Species,NA,included
CFL,Species,NA,included
CFJ,Species,NA,included
CFF,Species,NA,included
CFH,Species,NA,included
CFI,Species,NA,included
CVK,Species,NA,included
MPV,Species,NA,included
PLM,Species,NA,included
EME,Species,NA,included
EMO,Species,NA,included
EMU,Species,NA,included
BSZ,Species,NA,included
BAP,Species,NA,included
XBX,Nei,genus,included
VRL,Species,NA,included
BSX,Nei,family,included
QOF,Species,NA,included
TEU,Species,NA,included
TEH,Species,NA,included
THO,Nei,genus,included
PQD,Species,NA,included
BYB,Species,NA,included
WRF,Species,NA,included
WHA,Species,NA,included
TEJ,Species,NA,included
STB,Species,NA,included
PEW,Species,NA,included
ROY,Species,NA,included
SBH,Species,NA,included
SPU,Species,NA,included
BSS,Species,NA,included
BSE,Nei,genus,included
MCP,Species,NA,included
SIN,Species,NA,included
MCA,Species,NA,included
LMM,Species,NA,included
MPS,Species,NA,included
AKR,Species,NA,included
PXR,Species,NA,included
PQR,Species,NA,included
BIR,Species,NA,included
BIG,Nei,genus,included
APO,Nei,family,included
OEB,Species,NA,included
SYN,Species,NA,included
FPE,Species,NA,included
FPY,Species,NA,included
PND,Species,NA,included
ACC,Species,NA,included
STV,Species,NA,included
SAV,Species,NA,included
FPP,Species,NA,included
SZC,Species,NA,included
ILS,Species,NA,included
WHS,Nei,family,included
ULM,Species,NA,included
ULP,Species,NA,included
CKZ,Species,NA,included
TIL,Species,NA,included
TIS,Nei,family,included
MWP,Species,NA,included
TRF,Species,NA,included
BLU,Species,NA,included
CBA,Species,NA,included
LSJ,Species,NA,included
TUM,Species,NA,included
HOM,Species,NA,included
JAA,Species,NA,included
JJM,Species,NA,included
CJM,Species,NA,included
PJM,Species,NA,included
HMM,Species,NA,included
RSC,Species,NA,included
HMC,Species,NA,included
HMZ,Species,NA,included
HMG,Species,NA,included
JAX,Nei,genus,included
TRZ,Species,NA,included
WEC,Species,NA,included
DCC,Species,NA,included
RSA,Species,NA,included
RUS,Species,NA,included
SDX,Nei,genus,included
NXC,Species,NA,included
NXI,Species,NA,included
NXM,Species,NA,included
NXS,Species,NA,included
CXS,Species,NA,included
RUB,Species,NA,included
CVJ,Species,NA,included
CXR,Species,NA,included
HMY,Species,NA,included
NBR,Species,NA,included
TRE,Nei,genus,included
MOA,Species,NA,included
LUK,Species,NA,included
LNP,Species,NA,included
LNM,Species,NA,included
POO,Species,NA,included
POM,Species,NA,included
POP,Species,NA,included
TNF,Species,NA,included
TUK,Species,NA,included
POX,Nei,genus,included
AMB,Species,NA,included
AMJ,Species,NA,included
YTC,Species,NA,included
RLF,Species,NA,included
YTL,Species,NA,included
RLZ,Species,NA,included
AMX,Nei,genus,included
OLP,Species,NA,included
OLG,Species,NA,included
NAU,Species,NA,included
LEE,Species,NA,included
ALA,Species,NA,included
LIJ,Species,NA,included
POB,Species,NA,included
NGJ,Species,NA,included
NGU,Species,NA,included
NGS,Species,NA,included
RRU,Species,NA,included
GLT,Species,NA,included
HAS,Species,NA,included
OBM,Species,NA,included
OBY,Species,NA,included
OBJ,Species,NA,included
QUE,Nei,genus,included
BUA,Species,NA,included
HSO,Species,NA,included
PAO,Species,NA,included
BIS,Species,NA,included
TRY,Species,NA,included
RNJ,Species,NA,included
VAD,Species,NA,included
CGX,Nei,family,included
MOO,Species,NA,included
POA,Species,NA,included
BRU,Species,NA,included
TST,Species,NA,included
BPB,Species,NA,included
BRZ,Nei,family,included
DOL,Species,NA,included
RUF,Species,NA,included
ASA,Species,NA,included
EMM,Species,NA,included
RYG,Species,NA,included
EYO,Species,NA,included
EMT,Nei,family,included
RES,Species,NA,included
LJT,Species,NA,included
LJH,Species,NA,included
MAL,Species,NA,included
LUB,Species,NA,included
LUJ,Species,NA,included
LJN,Species,NA,included
HUS,Species,NA,included
SNC,Species,NA,included
LJU,Species,NA,included
SNR,Species,NA,included
LJY,Species,NA,included
LJI,Species,NA,included
LJS,Species,NA,included
SNL,Species,NA,included
LTJ,Species,NA,included
SNU,Species,NA,included
LJO,Species,NA,included
LJB,Species,NA,included
LJG,Species,NA,included
LVN,Species,NA,included
LVK,Species,NA,included
LWQ,Species,NA,included
LVG,Species,NA,included
LWP,Species,NA,included
SNA,Nei,genus,included
SNY,Species,NA,included
ARQ,Species,NA,included
AVR,Species,NA,included
ASX,Species,NA,included
AFK,Species,NA,included
EEO,Species,NA,included
PQI,Species,NA,included
UPZ,Species,NA,included
LWX,Nei,genus,included
RPU,Species,NA,included
HLG,Species,NA,included
SNX,Nei,family,included
NNJ,Species,NA,included
THG,Species,NA,included
NNZ,Species,NA,included
THB,Nei,genus,included
NWS,Species,NA,included
MOB,Nei,genus,included
THD,Nei,family,included
LOB,Species,NA,included
LOZ,Species,NA,included
POY,Nei,genus,included
PON,Nei,family,included
DGP,Species,NA,included
HNS,Species,NA,included
HLU,Species,NA,included
HLI,Species,NA,included
HLL,Species,NA,included
HWX,Nei,genus,included
PIG,Species,NA,included
OTR,Species,NA,included
GRP,Species,NA,included
GRA,Species,NA,included
PKP,Species,NA,included
PKF,Species,NA,included
GBL,Species,NA,included
GBR,Species,NA,included
GQT,Species,NA,included
GQD,Species,NA,included
PBX,Nei,genus,included
PKS,Species,NA,included
GRL,Species,NA,included
BGR,Species,NA,included
BUR,Species,NA,included
PKE,Species,NA,included
KAH,Species,NA,included
GRB,Species,NA,included
BRG,Species,NA,included
GRX,Nei,family,included
WEM,Species,NA,included
CBM,Species,NA,included
DRU,Nei,genus,included
AGR,Species,NA,included
YNA,Species,NA,included
WEP,Species,NA,included
YNR,Species,NA,included
YNJ,Species,NA,included
YNE,Species,NA,included
SWF,Species,NA,included
STG,Species,NA,included
WKS,Species,NA,included
YNV,Species,NA,included
YGC,Species,NA,included
WKX,Nei,genus,included
MIH,Species,NA,included
CKM,Species,NA,included
CKA,Species,NA,included
CRX,Nei,genus,included
KGB,Species,NA,included
KGF,Species,NA,included
KGG,Species,NA,included
KIX,Nei,genus,included
COB,Species,NA,included
CKY,Species,NA,included
UCA,Species,NA,included
UBS,Nei,genus,included
WKK,Species,NA,included
MGR,Species,NA,included
RYJ,Species,NA,included
KOB,Species,NA,included
AWE,Species,NA,included
WEW,Species,NA,included
KIC,Species,NA,included
LRJ,Species,NA,included
DRS,Species,NA,included
LKR,Species,NA,included
PDR,Species,NA,included
LGQ,Species,NA,included
BDM,Species,NA,included
HOC,Species,NA,included
LYC,Species,NA,included
CRY,Species,NA,included
ISA,Species,NA,included
SPT,Species,NA,included
RDM,Species,NA,included
CKL,Species,NA,included
PSS,Species,NA,included
PSE,Species,NA,included
CKW,Nei,genus,included
CRL,Species,NA,included
CRV,Species,NA,included
NHK,Species,NA,included
IAG,Species,NA,included
CDX,Nei,family,included
LBR,Nei,genus,included
LHN,Species,NA,included
LTN,Species,NA,included
LTK,Species,NA,included
LTQ,Species,NA,included
LTS,Species,NA,included
LEN,Species,NA,included
LHI,Species,NA,included
LWO,Species,NA,included
LXN,Species,NA,included
LBW,Species,NA,included
MXG,Species,NA,included
EMP,Nei,family,included
SBR,Species,NA,included
PAC,Species,NA,included
SBA,Species,NA,included
PAR,Species,NA,included
PAX,Nei,genus,included
DIG,Species,NA,included
ANN,Species,NA,included
SWA,Species,NA,included
CTB,Species,NA,included
SHR,Species,NA,included
DIH,Species,NA,included
SRG,Nei,genus,included
CFN,Species,NA,included
CBD,Species,NA,included
CKQ,Species,NA,included
PRG,Nei,genus,included
DEP,Species,NA,included
DEL,Species,NA,included
DEC,Species,NA,included
DEA,Species,NA,included
DNC,Species,NA,included
DTT,Species,NA,included
DEX,Nei,genus,included
BRB,Species,NA,included
SBS,Species,NA,included
SPH,Species,NA,included
AVB,Species,NA,included
KBR,Species,NA,included
SLF,Species,NA,included
SLD,Species,NA,included
CYM,Species,NA,included
BSC,Species,NA,included
RPG,Species,NA,included
REA,Species,NA,included
GSU,Species,NA,included
REV,Species,NA,included
SBP,Nei,genus,included
RER,Species,NA,included
PGA,Species,NA,included
WSN,Species,NA,included
RSS,Species,NA,included
RXS,Species,NA,included
UZX,Nei,genus,included
SBG,Species,NA,included
BOG,Species,NA,included
RSX,Nei,genus,included
CWC,Species,NA,included
SNW,Species,NA,included
SSB,Species,NA,included
STW,Nei,genus,included
SLM,Species,NA,included
ENJ,Species,NA,included
SZH,Species,NA,included
MLB,Species,NA,included
MLM,Species,NA,included
YWF,Species,NA,included
AAB,Species,NA,included
SCP,Species,NA,included
LGO,Species,NA,included
SBX,Nei,family,included
BPI,Species,NA,included
SPC,Species,NA,included
PIC,Nei,genus,included
EHI,Species,NA,included
MUR,Species,NA,included
MUT,Species,NA,included
MWU,Species,NA,included
MUX,Nei,genus,included
MUV,Species,NA,included
GOX,Nei,genus,included
GOA,Species,NA,included
MUM,Nei,family,included
EHN,Species,NA,included
ECN,Nei,family,included
TXM,Species,NA,included
GEJ,Species,NA,included
GEO,Species,NA,included
GEZ,Species,NA,included
MOJ,Nei,genus,included
DUT,Species,NA,included
MFF,Species,NA,included
GDJ,Nei,family,included
GIY,Species,NA,included
OIV,Species,NA,included
KYX,Nei,family,included
BAJ,Species,NA,included
SPS,Species,NA,included
SIC,Species,NA,included
RIS,Species,NA,included
SWH,Species,NA,included
EMV,Species,NA,included
EDR,Species,NA,included
EDJ,Species,NA,included
OLF,Species,NA,included
BEJ,Species,NA,included
AQK,Species,NA,included
OVZ,Species,NA,included
TLM,Species,NA,included
TLN,Species,NA,included
OEA,Species,NA,included
TLL,Species,NA,included
ORM,Species,NA,included
STA,Species,NA,included
OIH,Species,NA,included
OIT,Species,NA,included
TLP,Nei,genus,included
OXW,Species,NA,included
SAR,Species,NA,included
SAH,Species,NA,included
CHL,Species,NA,included
CHK,Species,NA,included
CHX,Nei,genus,included
CLO,Species,NA,included
IGX,Nei,genus,included
TLZ,Species,NA,included
TLR,Species,NA,included
HBS,Species,NA,included
LNR,Species,NA,included
HJF,Species,NA,included
TOC,Species,NA,included
AST,Nei,genus,included
IBZ,Species,NA,included
CIM,Nei,genus,included
AER,Species,NA,included
YBB,Species,NA,included
CIX,Nei,family,included
CBC,Species,NA,included
USB,Species,NA,included
WRM,Species,NA,included
USP,Species,NA,included
ENX,Species,NA,included
COU,Species,NA,included
TBR,Species,NA,included
XYN,Species,NA,included
HVM,Species,NA,included
LCX,Species,NA,included
TAU,Species,NA,included
CUN,Species,NA,included
YFH,Species,NA,included
YFM,Species,NA,included
WRA,Nei,family,included
PRR,Species,NA,included
USW,Species,NA,included
USY,Species,NA,included
BMK,Species,NA,included
PWT,Nei,family,included
OAZ,Species,NA,included
ANW,Nei,family,included
FPJ,Species,NA,included
CTA,Species,NA,included
HAW,Species,NA,included
TAK,Species,NA,included
MOW,Nei,genus,included
TRU,Nei,family,included
OLX,Species,NA,included
TGA,Species,NA,included
FOT,Species,NA,included
GAL,Species,NA,included
PET,Species,NA,included
OYD,Species,NA,included
THF,Nei,family,included
PGR,Species,NA,included
BVG,Species,NA,included
BLP,Species,NA,included
TOA,Species,NA,included
TOP,Species,NA,included
NOR,Species,NA,included
NOG,Species,NA,included
NON,Species,NA,included
NOS,Species,NA,included
NOC,Species,NA,included
NOK,Species,NA,included
NOA,Species,NA,included
NOL,Species,NA,included
NOD,Species,NA,included
NOZ,Species,NA,included
NNY,Species,NA,included
NOT,Species,NA,included
PAT,Species,NA,included
GHP,Species,NA,included
TRL,Species,NA,included
TRT,Nei,genus,included
TRH,Species,NA,included
ANS,Species,NA,included
NOX,Nei,family,included
PGE,Species,NA,included
CHW,Species,NA,included
JIC,Species,NA,included
SSI,Species,NA,included
ANI,Species,NA,included
CES,Species,NA,included
SGI,Species,NA,included
KIF,Species,NA,included
TIC,Species,NA,included
MIC,Species,NA,included
LIC,Species,NA,included
WIC,Species,NA,included
ICX,Nei,family,included
AIB,Nei,family,included
EPI,Species,NA,included
CDL,Nei,genus,included
PRC,Nei,order,included
CAA,Species,NA,included
CAB,Species,NA,included
CAS,Species,NA,included
CAT,Nei,genus,included
ELP,Species,NA,included
OPT,Species,NA,included
ELZ,Nei,genus,included
PAS,Species,NA,included
ABZ,Species,NA,included
SAN,Nei,genus,included
FLA,Species,NA,included
ROJ,Species,NA,included
UPR,Species,NA,included
NEB,Species,NA,included
PJR,Species,NA,included
JPC,Species,NA,included
WEG,Species,NA,included
TOZ,Species,NA,included
WEX,Nei,genus,included
TRA,Nei,family,included
UUC,Species,NA,included
STZ,Species,NA,included
JAS,Species,NA,included
DOM,Species,NA,included
DMM,Species,NA,included
GBD,Species,NA,included
GBM,Species,NA,included
FGB,Nei,family,included
GBN,Species,NA,included
FIM,Species,NA,included
NBU,Species,NA,included
BFP,Species,NA,included
MBF,Species,NA,included
IYL,Species,NA,included
FGX,Nei,family,included
GPA,Nei,family,included
AVQ,Species,NA,included
NAS,Species,NA,included
SUR,Nei,family,included
LXR,Species,NA,included
BAT,Nei,genus,included
HRF,Species,NA,included
HTZ,Species,NA,included
SPA,Nei,family,included
SCT,Nei,genus,included
IGV,Species,NA,included
SRI,Species,NA,included
SCN,Species,NA,included
IGU,Species,NA,included
SPI,Nei,genus,included
BON,Species,NA,included
BIP,Species,NA,included
BEP,Species,NA,included
BAU,Species,NA,included
MAS,Species,NA,included
MAC,Species,NA,included
MAA,Species,NA,included
VMA,Species,NA,included
MAZ,Nei,genus,included
BOP,Species,NA,included
WAH,Species,NA,included
DOT,Species,NA,included
RAB,Species,NA,included
RAG,Species,NA,included
RAX,Nei,genus,included
COM,Species,NA,included
GUT,Species,NA,included
STS,Species,NA,included
KGM,Species,NA,included
SSM,Species,NA,included
CER,Species,NA,included
SIE,Species,NA,included
MAW,Species,NA,included
NPH,Species,NA,included
BBM,Species,NA,included
BRS,Species,NA,included
KGX,Nei,genus,included
BUK,Species,NA,included
FRI,Species,NA,included
BLT,Species,NA,included
FRZ,Nei,mixed species,included
LTA,Species,NA,included
BKJ,Species,NA,included
KAW,Species,NA,included
SKJ,Species,NA,included
BFT,Species,NA,included
PBF,Species,NA,included
LOT,Species,NA,included
BLF,Species,NA,included
ALB,Species,NA,included
SBF,Species,NA,included
YFT,Species,NA,included
BET,Species,NA,included
SLT,Species,NA,included
MAX,Nei,family,included
SFA,Species,NA,included
SAI,Species,NA,included
BUM,Species,NA,included
BLM,Species,NA,included
MSP,Species,NA,included
MLS,Species,NA,included
WHM,Species,NA,included
SSP,Species,NA,included
SPF,Species,NA,included
RSP,Species,NA,included
BIL,Nei,family,included
SWO,Species,NA,included
SNK,Species,NA,included
WSM,Species,NA,included
LEC,Species,NA,included
OIL,Species,NA,included
TEZ,Species,NA,included
GEM,Species,NA,included
PRP,Species,NA,included
GEP,Nei,family,included
BEH,Nei,genus,included
LHT,Species,NA,included
SFS,Species,NA,included
BSF,Species,NA,included
APH,Species,NA,included
CUT,Nei,family,included
TUX,Nei,order,included
BLB,Species,NA,included
TMB,Species,NA,included
SIP,Species,NA,included
XPO,Nei,genus,included
ERP,Species,NA,included
BUT,Species,NA,included
PPO,Species,NA,included
BTG,Nei,genus,included
BUX,Nei,family,included
DRI,Species,NA,included
FPC,Species,NA,included
UBA,Species,NA,included
UBP,Species,NA,included
CEO,Species,NA,included
HDV,Species,NA,included
SEY,Species,NA,included
HDW,Species,NA,included
SEO,Species,NA,included
SEM,Species,NA,included
SEP,Species,NA,included
SEU,Species,NA,included
BSP,Nei,genus,included
BWA,Species,NA,included
HGY,Species,NA,included
HYW,Species,NA,included
BUP,Species,NA,included
CEN,Nei,family,included
FGG,Species,NA,included
FGS,Species,NA,included
TGH,Species,NA,included
GOM,Nei,genus,included
FGO,Species,NA,included
YRS,Species,NA,included
BAC,Species,NA,included
YRB,Species,NA,included
YRG,Species,NA,included
GBA,Species,NA,included
YRE,Species,NA,included
BAN,Species,NA,included
BAR,Nei,genus,included
BLE,Nei,family,included
CNA,Species,NA,included
CNP,Species,NA,included
FSS,Species,NA,included
FIS,Species,NA,included
KNA,Species,NA,included
FSN,Nei,genus,included
QFW,Species,NA,included
QRX,Nei,genus,included
REG,Species,NA,included
SFV,Species,NA,included
WRO,Species,NA,included
YRO,Species,NA,included
SFP,Species,NA,included
SEQ,Species,NA,included
SED,Species,NA,included
SFY,Species,NA,included
OPP,Species,NA,included
SFW,Species,NA,included
REB,Species,NA,included
REC,Species,NA,included
SPG,Species,NA,included
SGO,Species,NA,included
SFO,Species,NA,included
SFJ,Species,NA,included
SFD,Species,NA,included
SFE,Species,NA,included
SFK,Species,NA,included
SFL,Species,NA,included
RMG,Species,NA,included
RPJ,Species,NA,included
RRV,Species,NA,included
RVN,Species,NA,included
RVB,Species,NA,included
RVR,Species,NA,included
RVM,Species,NA,included
RFC,Species,NA,included
REQ,Species,NA,included
QYR,Species,NA,included
QYS,Species,NA,included
QYT,Species,NA,included
QYV,Species,NA,included
RED,Nei,genus,included
BBS,Species,NA,included
RSE,Species,NA,included
SNQ,Species,NA,included
EZS,Species,NA,included
BRF,Species,NA,included
HFR,Species,NA,included
POI,Species,NA,included
PZO,Species,NA,included
SJU,Species,NA,included
SJZ,Species,NA,included
TZY,Species,NA,included
SCO,Nei,family,included
GUN,Species,NA,included
KUG,Species,NA,included
GUU,Species,NA,included
CTZ,Species,NA,included
GUC,Species,NA,included
GUR,Species,NA,included
LDY,Species,NA,included
SRA,Nei,genus,included
BEG,Species,NA,included
JGU,Species,NA,included
GUG,Species,NA,included
GUX,Nei,family,included
CLI,Species,NA,included
ATK,Species,NA,included
HUM,Species,NA,included
HXQ,Species,NA,included
ESZ,Species,NA,included
SAB,Species,NA,included
GMK,Species,NA,included
FLI,Species,NA,included
FLH,Nei,family,included
ZSP,Species,NA,included
MXV,Species,NA,included
SCU,Nei,genus,included
SMQ,Species,NA,included
SWU,Nei,family,included
NRC,Species,NA,included
AFT,Species,NA,included
LUM,Species,NA,included
TZK,Species,NA,included
DYL,Species,NA,included
MSF,Species,NA,included
OUN,Species,NA,included
LEF,Nei,family,included
HAL,Species,NA,included
HAP,Species,NA,included
PLE,Species,NA,included
ALP,Species,NA,included
RFE,Species,NA,included
GHL,Species,NA,included
ARF,Species,NA,included
KAF,Species,NA,included
EOJ,Species,NA,included
WIT,Species,NA,included
PLA,Species,NA,included
FTS,Species,NA,included
EOL,Species,NA,included
YES,Species,NA,included
YEL,Species,NA,included
DAB,Species,NA,included
ROS,Species,NA,included
MIP,Species,NA,included
LEM,Species,NA,included
FLE,Species,NA,included
PWQ,Species,NA,included
YSE,Species,NA,included
YFL,Species,NA,included
FLW,Species,NA,included
FSA,Nei,genus,included
NYD,Species,NA,included
NYV,Species,NA,included
PLZ,Nei,family,included
SOL,Species,NA,included
SOS,Species,NA,included
OAL,Species,NA,included
SOO,Nei,genus,included
CET,Species,NA,included
SOW,Species,NA,included
SOE,Species,NA,included
SOA,Nei,genus,included
THS,Nei,genus,included
SOX,Nei,family,included
YFU,Species,NA,included
TOX,Nei,family,included
MEG,Species,NA,included
LDB,Species,NA,included
LEZ,Nei,genus,included
BLL,Species,NA,included
FLD,Species,NA,included
TUR,Species,NA,included
SCF,Nei,family,included
CIL,Species,NA,included
CIT,Nei,family,included
HAI,Species,NA,included
SOT,Species,NA,included
IYO,Species,NA,included
YLP,Species,NA,included
BAH,Species,NA,included
YSF,Species,NA,included
FLS,Species,NA,included
YSO,Species,NA,included
BAX,Nei,genus,included
MMM,Species,NA,included
FLX,Nei,order,included
BXF,Nei,family,included
LFL,Species,NA,included
LFZ,Species,NA,included
PUF,Species,NA,included
PUA,Nei,genus,included
TXK,Species,NA,included
TZO,Species,NA,included
TXV,Nei,genus,included
PUX,Nei,family,included
ALJ,Species,NA,included
MOX,Species,NA,included
FLF,Nei,genus,included
FIL,Species,NA,included
KOY,Species,NA,included
PKB,Species,NA,included
FFX,Nei,family,included
TRG,Species,NA,included
BLV,Species,NA,included
NHR,Species,NA,included
TRI,Nei,family,included
BAY,Species,NA,included
BHD,Species,NA,included
TFD,Nei,family,included
MON,Species,NA,included
ANK,Species,NA,included
ANG,Species,NA,included
MVA,Species,NA,included
MVO,Species,NA,included
MVJ,Species,NA,included
MNZ,Nei,genus,included
ANF,Nei,family,included
FRF,Nei,major group,included
GRO,Nei,major group,included
PEL,Nei,major group,included
FIN,Nei,major group,included
MZZ,Nei,major group,included
DPX,Nei,major group,included
PPX,Nei,major group,included
SKH,Nei,major group,included
SKX,Nei,major group,included
DNF,Nei,family,included
AMS,Species,NA,included
JCM,Species,NA,included
GOO,Nei,genus,included
MBZ,Species,NA,included
PCB,Species,NA,included
MTS,Species,NA,included
OQM,Species,NA,included
SQY,Nei,family,included
SVX,Nei,order,included
KRI,Species,NA,included
NKR,Species,NA,included
ABS,Species,NA,included
PBA,Species,NA,included
YPS,Species,NA,included
APS,Species,NA,included
PNT,Species,NA,included
KUP,Species,NA,included
PNS,Species,NA,included
PNV,Species,NA,included
GIT,Species,NA,included
PNP,Species,NA,included
FLP,Species,NA,included
TGS,Species,NA,included
PNB,Species,NA,included
TIP,Species,NA,included
PRB,Species,NA,included
PST,Species,NA,included
CSP,Species,NA,included
PNI,Species,NA,included
WKP,Species,NA,included
WWP,Species,NA,included
REP,Species,NA,included
SOP,Species,NA,included
PPS,Species,NA,included
PNU,Species,NA,included
PEN,Nei,genus,included
RRJ,Species,NA,included
MPN,Species,NA,included
MPM,Species,NA,included
ENS,Species,NA,included
SHI,Species,NA,included
MPE,Species,NA,included
MET,Nei,genus,included
DPS,Species,NA,included
GUS,Species,NA,included
NPP,Nei,genus,included
BOB,Species,NA,included
TIT,Species,NA,included
TRV,Species,NA,included
ASH,Species,NA,included
PEZ,Nei,family,included
BOS,Nei,genus,included
SSH,Species,NA,included
ARS,Species,NA,included
ARA,Species,NA,included
ARV,Species,NA,included
AXR,Nei,genus,included
ARI,Nei,family,included
PYX,Species,NA,included
PWY,Species,NA,included
PRA,Species,NA,included
PJK,Species,NA,included
AES,Species,NA,included
DUJ,Species,NA,included
DUK,Species,NA,included
PAN,Nei,genus,included
CHS,Species,NA,included
HUV,Species,NA,included
HZK,Nei,genus,included
LKT,Species,NA,included
LKW,Species,NA,included
NDJ,Species,NA,included
EKR,Species,NA,included
AKS,Species,NA,included
SHS,Nei,family,included
CID,Species,NA,included
EXO,Species,NA,included
NLH,Species,NA,included
NLC,Species,NA,included
PVR,Species,NA,included
PAA,Species,NA,included
PIQ,Species,NA,included
CPR,Species,NA,included
MNX,Species,NA,included
PRF,Species,NA,included
MBM,Species,NA,included
BKR,Species,NA,included
PPF,Nei,genus,included
PPZ,Nei,family,included
PAL,Nei,family,included
CSH,Species,NA,included
CVL,Nei,genus,included
RSH,Species,NA,included
YII,Species,NA,included
LAA,Species,NA,included
RRS,Species,NA,included
SOK,Species,NA,included
KNS,Species,NA,included
JAQ,Species,NA,included
HJD,Species,NA,included
FAC,Species,NA,included
DCP,Nei,order,included
LOJ,Species,NA,included
NUJ,Species,NA,included
LMS,Species,NA,included
NUR,Species,NA,included
SLC,Species,NA,included
LOK,Species,NA,included
LOA,Species,NA,included
NUG,Species,NA,included
SLV,Nei,genus,included
LBC,Species,NA,included
LOF,Species,NA,included
LOG,Species,NA,included
LBT,Species,NA,included
LOR,Species,NA,included
JSN,Species,NA,included
JSP,Species,NA,included
PJH,Species,NA,included
PSL,Species,NA,included
SLO,Species,NA,included
SLN,Species,NA,included
SLS,Species,NA,included
CRW,Nei,genus,included
URW,Species,NA,included
VLO,Nei,family,included
CRD,Species,NA,included
AAS,Species,NA,included
PCL,Species,NA,included
AUP,Species,NA,included
RCW,Species,NA,included
AYA,Species,NA,included
CRT,Species,NA,included
CDT,Species,NA,included
CRP,Species,NA,included
CJF,Nei,family,included
IBA,Species,NA,included
IBC,Species,NA,included
THQ,Species,NA,included
YLL,Species,NA,included
YLA,Species,NA,included
LOS,Nei,family,included
NEM,Species,NA,included
NEA,Species,NA,included
MEC,Species,NA,included
MWF,Nei,genus,included
NEP,Species,NA,included
LBA,Species,NA,included
LBE,Species,NA,included
TQB,Species,NA,included
UOP,Species,NA,included
LOX,Nei,order,included
AYS,Nei,order,included
LQL,Species,NA,included
PQG,Species,NA,included
UDQ,Species,NA,included
CZJ,Species,NA,included
LOQ,Nei,family,included
KCD,Species,NA,included
KCI,Species,NA,included
KCY,Species,NA,included
KCS,Nei,genus,included
KCR,Species,NA,included
KCM,Species,NA,included
KAQ,Species,NA,included
KCZ,Nei,genus,included
PAG,Species,NA,included
KCU,Species,NA,included
KCV,Species,NA,included
KCF,Species,NA,included
KVV,Species,NA,included
PAI,Nei,genus,included
KCX,Nei,family,included
UCD,Species,NA,included
CRK,Species,NA,included
DUN,Species,NA,included
CRE,Species,NA,included
CRJ,Species,NA,included
ROC,Species,NA,included
CWE,Species,NA,included
KPC,Species,NA,included
HWP,Species,NA,included
STC,Species,NA,included
YBX,Nei,genus,included
SCD,Species,NA,included
GAZ,Species,NA,included
CRS,Nei,genus,included
CRB,Species,NA,included
CRZ,Species,NA,included
CAL,Nei,genus,included
CRG,Species,NA,included
CMR,Species,NA,included
MUD,Species,NA,included
YLW,Species,NA,included
YAR,Species,NA,included
LIO,Species,NA,included
QPH,Species,NA,included
SWM,Nei,family,included
ERS,Species,NA,included
MXT,Species,NA,included
SCR,Species,NA,included
CRQ,Species,NA,included
CVB,Species,NA,included
CWJ,Species,NA,included
PCR,Nei,genus,included
HBZ,Species,NA,included
KEM,Species,NA,included
CGE,Species,NA,included
KEF,Species,NA,included
CRR,Species,NA,included
HBN,Species,NA,included
GER,Nei,genus,included
GRQ,Species,NA,included
CRA,Nei,order,included
FCX,Nei,major group,included
CRU,Nei,major group,included
PEE,Species,NA,included
PER,Nei,genus,included
MUE,Nei,genus,included
BOY,Species,NA,included
RPW,Species,NA,included
RPN,Nei,genus,included
SNE,Species,NA,included
ABF,Species,NA,included
ABJ,Species,NA,included
ABG,Species,NA,included
ABP,Species,NA,included
ABR,Species,NA,included
HLT,Species,NA,included
DZS,Species,NA,included
ABX,Nei,genus,included
RQN,Species,NA,included
TSH,Nei,genus,excluded
TOS,Species,NA,included
UOS,Species,NA,included
GSH,Nei,genus,excluded
COO,Species,NA,included
CON,Nei,genus,included
WHE,Species,NA,included
YJS,Species,NA,included
WJT,Species,NA,included
WKO,Species,NA,included
WHX,Nei,genus,included
WKQ,Species,NA,included
TOQ,Species,NA,included
NSQ,Species,NA,included
YBC,Species,NA,included
CXY,Nei,genus,included
ZDF,Species,NA,included
GFZ,Species,NA,included
UDX,Nei,genus,included
GAS,Nei,order,included
RKQ,Species,NA,included
RQZ,Species,NA,included
ARK,Nei,genus,included
ACB,Species,NA,included
MCL,Species,NA,included
BLC,Species,NA,included
NDN,Species,NA,included
NQT,Species,NA,included
NDZ,Species,NA,included
BLS,Nei,genus,included
SWT,Species,NA,included
FSH,Nei,family,excluded
PNM,Species,NA,excluded
OSH,Nei,genus,excluded
PTE,Species,NA,excluded
OCH,Species,NA,included
OYF,Species,NA,included
DRY,Species,NA,included
OYX,Nei,genus,included
CSC,Species,NA,included
OYS,Species,NA,included
OYG,Species,NA,included
OYM,Species,NA,included
OYA,Species,NA,included
OYI,Species,NA,included
CSI,Species,NA,included
OYR,Species,NA,included
OGZ,Species,NA,included
OYC,Nei,genus,included
OYH,Species,NA,included
OST,Nei,family,included
QSC,Species,NA,included
SCE,Species,NA,included
SJA,Species,NA,included
SCZ,Species,NA,included
SSC,Species,NA,included
YKD,Species,NA,included
SCA,Species,NA,included
SCC,Species,NA,included
SCB,Species,NA,included
SCQ,Species,NA,included
SCH,Species,NA,included
VSC,Species,NA,included
ISC,Species,NA,included
SCG,Species,NA,included
JSC,Species,NA,included
ZYE,Species,NA,included
ZYP,Species,NA,included
SCX,Nei,family,included
CLQ,Species,NA,included
MUK,Species,NA,included
MUJ,Species,NA,included
MYC,Species,NA,included
MUS,Species,NA,included
MSR,Species,NA,included
MSM,Species,NA,included
MYA,Species,NA,included
CHC,Species,NA,included
MOD,Nei,genus,included
MSL,Species,NA,included
MSV,Species,NA,included
MUZ,Species,NA,included
MSC,Species,NA,included
MSX,Nei,family,included
SVE,Species,NA,included
CTS,Species,NA,included
VNA,Species,NA,included
VNR,Species,NA,included
KLK,Species,NA,included
KNU,Species,NA,included
HCJ,Species,NA,included
HCX,Nei,genus,included
CTG,Species,NA,included
CLJ,Species,NA,included
TPS,Nei,genus,included
ITT,Species,NA,included
TWG,Species,NA,included
TVM,Species,NA,included
VEV,Species,NA,included
KNJ,Species,NA,included
BCL,Species,NA,included
FAG,Species,NA,included
NCL,Nei,genus,included
PTS,Species,NA,included
TCL,Species,NA,included
CLH,Species,NA,included
CLV,Nei,family,included
HCL,Species,NA,included
TQU,Species,NA,included
TQZ,Nei,genus,included
MTV,Species,NA,included
MAG,Species,NA,included
CLB,Species,NA,included
CLT,Species,NA,included
ULO,Species,NA,included
ULT,Species,NA,included
SSD,Nei,genus,included
MUN,Nei,genus,included
GKL,Species,NA,included
DON,Nei,genus,included
RAZ,Nei,genus,included
CLR,Species,NA,included
EQE,Species,NA,included
EQI,Species,NA,included
RAP,Species,NA,included
SOI,Nei,family,included
CLS,Species,NA,included
GEC,Species,NA,included
YMX,Species,NA,included
CMJ,Species,NA,included
CMA,Species,NA,included
KTG,Species,NA,included
COC,Species,NA,included
KCL,Species,NA,included
TIX,Species,NA,included
COZ,Nei,family,included
AFQ,Species,NA,included
CLM,Species,NA,included
TDG,Species,NA,included
TDD,Species,NA,included
TDS,Species,NA,included
DKC,Species,NA,included
DKX,Species,NA,included
QQX,Nei,genus,included
HIP,Species,NA,included
TQY,Nei,genus,included
FSV,Species,NA,included
OIF,Species,NA,included
TUW,Species,NA,included
SVT,Species,NA,included
FRL,Species,NA,included
TWL,Nei,genus,included
OBN,Species,NA,included
CLX,Nei,order,included
CTC,Species,NA,included
IAH,Species,NA,included
CTL,Nei,family,included
SQP,Species,NA,included
SQO,Species,NA,included
SQL,Species,NA,included
SQR,Species,NA,included
OJD,Species,NA,included
CHO,Species,NA,included
SQF,Species,NA,included
SQC,Nei,genus,included
UHL,Species,NA,included
OUW,Nei,genus,included
OFJ,Species,NA,included
SQI,Species,NA,included
SQM,Species,NA,included
SQA,Species,NA,included
TDQ,Species,NA,included
GIS,Species,NA,included
SQE,Species,NA,included
TFP,Species,NA,included
SQJ,Species,NA,included
TSQ,Species,NA,included
SQS,Species,NA,included
SQU,Nei,family,included
OIJ,Species,NA,included
UHB,Species,NA,included
PRD,Nei,genus,included
OCC,Species,NA,included
OQY,Species,NA,included
OCZ,Nei,genus,included
EOI,Species,NA,included
EDT,Species,NA,included
OCM,Nei,genus,included
OCT,Nei,family,included
YTT,Species,NA,included
GDW,Nei,family,included
CEP,Nei,order,included
MOF,Nei,major group,included
MOL,Nei,major group,included
MSH,Nei,major group,excluded
SSL,Species,NA,NA
SEN,Species,NA,NA
NSL,Species,NA,NA
SEF,Species,NA,NA
SEK,Species,NA,NA
SNZ,Species,NA,NA
SEL,Species,NA,NA
WAL,Species,NA,NA
SES,Species,NA,NA
SLP,Species,NA,NA
SEH,Species,NA,NA
SEC,Species,NA,NA
SER,Species,NA,NA
SLR,Species,NA,NA
SAC,Species,NA,NA
SBK,Species,NA,NA
SST,Species,NA,NA
SEB,Species,NA,NA
SEZ,Species,NA,NA
SEG,Species,NA,NA
SXX,Nei,order,NA
SEW,Species,NA,NA
BCW,Species,NA,NA
BBW,Species,NA,NA
BWW,Species,NA,NA
BGW,Species,NA,NA
TSW,Species,NA,NA
BDW,Species,NA,NA
BJW,Species,NA,NA
MEP,Nei,genus,NA
BOW,Species,NA,NA
BEW,Species,NA,NA
SPW,Species,NA,NA
IRD,Species,NA,NA
IDB,Species,NA,NA
FAW,Species,NA,NA
PIW,Species,NA,NA
SHW,Species,NA,NA
GLO,Nei,genus,NA
DCO,Species,NA,NA
DCZ,Species,NA,NA
DRR,Species,NA,NA
MEW,Species,NA,NA
TUC,Species,NA,NA
TZG,Species,NA,NA
DHI,Species,NA,NA
RTD,Species,NA,NA
KIW,Species,NA,NA
RNW,Species,NA,NA
CMD,Species,NA,NA
HCD,Species,NA,NA
DWP,Species,NA,NA
DDU,Species,NA,NA
BWD,Species,NA,NA
DWH,Species,NA,NA
PLD,Species,NA,NA
DBO,Species,NA,NA
DBZ,Species,NA,NA
DPN,Species,NA,NA
DSI,Species,NA,NA
DST,Species,NA,NA
DSA,Species,NA,NA
DCL,Species,NA,NA
DSP,Nei,genus,NA
DLP,Nei,family,NA
PHR,Species,NA,NA
BRP,Species,NA,NA
VAQ,Species,NA,NA
SPP,Species,NA,NA
PFI,Species,NA,NA
PDA,Species,NA,NA
BEL,Species,NA,NA
NAR,Species,NA,NA
PYW,Species,NA,NA
DWW,Species,NA,NA
BOT,Species,NA,NA
FRA,Species,NA,NA
ODN,Nei,order,NA
MIW,Species,NA,NA
BRW,Species,NA,NA
SIW,Species,NA,NA
BLW,Species,NA,NA
FIW,Species,NA,NA
HUW,Species,NA,NA
EUG,Species,NA,NA
EUA,Species,NA,NA
BMY,Species,NA,NA
GRW,Species,NA,NA
MYS,Nei,order,NA
FGI,Species,NA,NA
FOK,Species,NA,NA
FRG,Nei,genus,NA
ZHB,Species,NA,NA
AYW,Species,NA,NA
TUG,Species,NA,NA
TTH,Species,NA,NA
TTL,Species,NA,NA
TTS,Species,NA,NA
TUL,Nei,order,NA
TTX,Nei,order,NA
IMO,Species,NA,NA
IMY,Species,NA,NA
CAI,Species,NA,NA
AGM,Species,NA,NA
CDP,Species,NA,NA
CDS,Species,NA,NA
CRH,Species,NA,NA
CRI,Species,NA,NA
CNG,Species,NA,NA
CMB,Species,NA,NA
CME,Species,NA,NA
YUU,Species,NA,NA
YUK,Species,NA,NA
MHW,Species,NA,NA
UCB,Species,NA,NA
UCI,Species,NA,NA
HGH,Species,NA,included
QGB,Species,NA,included
QGG,Species,NA,included
SPO,Nei,family,included
QPD,Nei,genus,included
DMO,Nei,order,included
CNI,Nei,order,excluded
MFX,Species,NA,included
CWF,Species,NA,included
JCD,Nei,genus,included
JEL,Nei,genus,included
COL,Species,NA,excluded
COJ,Species,NA,excluded
CEL,Species,NA,excluded
COK,Species,NA,excluded
CSE,Species,NA,excluded
CDE,Species,NA,excluded
GDV,Species,NA,excluded
QAE,Species,NA,excluded
GGW,Nei,family,excluded
FIX,Nei,genus,excluded
BFU,Species,NA,excluded
CSS,Nei,order,excluded
AQZ,Nei,order,excluded
ATX,Nei,order,excluded
NTW,Nei,order,excluded
WOR,Nei,order,included
HSC,Species,NA,included
ECH,Nei,order,included
STH,Species,NA,included
STF,Nei,order,included
URC,Nei,genus,included
URM,Species,NA,included
URS,Species,NA,included
UCH,Species,NA,included
URX,Nei,order,included
HFC,Species,NA,included
HFN,Species,NA,included
HFF,Species,NA,included
KHG,Species,NA,included
TFQ,Species,NA,included
CUJ,Species,NA,included
CUX,Nei,order,included
SSR,Species,NA,included
SSE,Species,NA,included
SSG,Species,NA,included
SSX,Nei,order,included
SPX,Nei,family,included
INV,Nei,major group,included
ULL,Species,NA,included
ULX,Species,NA,included
SIZ,Nei,genus,included
HQW,Species,NA,included
UNI,Species,NA,included
KII,Species,NA,included
KQR,Species,NA,included
CAU,Nei,genus,included
MTN,Species,NA,included
EOW,Species,NA,included
UVP,Species,NA,included
UYH,Nei,genus,included
HZP,Species,NA,included
UEC,Species,NA,included
SWG,Nei,order,included
LQD,Species,NA,included
LNJ,Species,NA,included
LAH,Species,NA,included
LQX,Species,NA,included
AJC,Species,NA,included
UDP,Species,NA,included
UDS,Nei,genus,included
LJX,Species,NA,included
LJZ,Species,NA,included
EOZ,Nei,genus,included
MXY,Species,NA,included
GQO,Nei,genus,included
ASN,Species,NA,included
DVA,Species,NA,included
YQT,Species,NA,included
GQB,Species,NA,included
QWX,Nei,genus,included
NYQ,Species,NA,included
SWB,Nei,order,included
YFQ,Nei,genus,included
GKF,Species,NA,included
EMA,Species,NA,included
EMI,Species,NA,included
EMX,Nei,genus,included
GJW,Species,NA,included
GZG,Species,NA,included
GLS,Nei,genus,included
RHP,Species,NA,included
IMS,Species,NA,included
GJK,Species,NA,included
KDM,Species,NA,included
SBQ,Species,NA,included
MZL,Species,NA,included
GHG,Nei,family,included
OFN,Species,NA,included
YKN,Species,NA,included
PRT,Species,NA,included
FYS,Nei,genus,included
DGM,Species,NA,included
ASR,Nei,genus,included
GDY,Species,NA,included
GEL,Nei,genus,included
KFV,Species,NA,included
SWR,Nei,order,included
ZOM,Species,NA,included
CJW,Nei,genus,included
APL,Nei,major group,included
SWX,Nei,major group,included
